"genotype","bootstrap_method","n_boot_kept","mu_mle","mu_ci025","mu_ci975","theta_mle","theta_ci025","theta_ci975","sigma_mle","sigma_ci025","sigma_ci975","eq_freq_mle","eq_freq_ci025","eq_freq_ci975","stat_var_mle","stat_var_ci025","stat_var_ci975","half_life_mle","half_life_ci025","half_life_ci975","corr_logtheta_logsigma"
"wt","nonparam_replicate_grouped",2000,-6.79907996566242,-6.80858314017365,-6.78510019329307,0.775093213697942,0.736318630600623,0.80775820595517,0.726647498458096,0.701412735321082,0.762609152194225,1.58825427999814e-07,1.55387779208925e-07,1.64021132691671e-07,0.340614894882294,0.318969484216397,0.368469617663053,0.894275899092143,0.858112211612019,0.941368521389358,0.537222972713237
"priA","nonparam_replicate_grouped",2000,-5.00037420647983,-5.1682028674916,-4.70221415320481,0.116659926582663,0.0839513835174324,0.162309080728615,0.43648262708556,0.39068239941074,0.49424606600922,9.99138728844946e-06,6.78886437335719e-06,1.98511580350599e-05,0.816548961277268,0.75251249957832,0.909054184197065,5.9416048069325,4.27053851484073,8.25653076242651,0.999462890105118
"recG","nonparam_replicate_grouped",2000,-7.65202547884963,-7.67523906090673,-7.63764560788207,8.51558241018972,6.52100779698418,13.7850577855953,2.78943794433182,2.3939379400699,3.54900567753833,2.22830441701148e-08,2.11232597285656e-08,2.30332060183229e-08,0.456866228901,0.396041939029168,0.487760277665467,0.0813975072016833,0.0502828054834524,0.106294494790127,0.974724367474729
